{
  "Amazon": "https://www.amazon.co.uk/",
  "BBC": "https://www.bbc.co.uk/",
  "Bootstrap CSS": "https://getbootstrap.com/docs/3.3/css/",
  "Eloquent Javascript": "https://eloquentjavascript.net/1st_edition/print.html",
  "ES draft": "https://tc39.github.io/ecma262/",
  "ES6 table": "https://kangax.github.io/compat-table/es6/",
  "Google": "https://www.google.com/",
  "HTMLMinifier": "https://github.com/kangax/html-minifier",
  "NBC": "https://www.nbc.com/",
  "New York Times": "https://www.nytimes.com/",
  "Stack Overflow": "https://stackoverflow.com/",
  "Twitter": "https://twitter.com/",
  "Wikipedia": "https://en.wikipedia.org/wiki/President_of_the_United_States"
}
